,Molecule Tag,Linelist,Occurances
Unknown,None,None,"[8.38815, 8.38817, 8.38818, 8.3882, 8.38822, 8.38823, 8.38825, 8.38827, 8.38828, 8.3883, 8.38831, 8.38833, 8.38835, 8.38836, 8.3884, 8.38841, 8.38843, 8.38844, 8.38846, 8.38848, 8.38849, 8.38851, 8.38853, 8.38854, 8.38856, 8.38857, 8.38859, 8.38861, 8.38862, 8.38866, 8.38867, 8.38869, 8.3887, 8.38872, 8.38874, 8.38875, 8.38877, 8.38879, 8.3888, 8.38882, 8.38883, 8.38885, 8.38887, 8.38888, 8.3889, 8.38892, 8.38893, 8.38895, 8.38897, 8.38898, 8.389, 8.38901, 8.38903, 8.38905, 8.38906, 8.38908, 8.3891, 8.38911, 8.38913, 8.38914, 8.38916, 8.38918, 8.38919, 8.38921, 8.38923, 8.38924, 8.38926, 8.38927, 8.38929, 8.38932, 8.38936, 8.38937, 8.38939, 8.38941, 8.38942, 8.38944, 8.38945, 8.38947, 8.38949, 8.3895, 8.38952, 8.38953, 8.38955, 8.38957, 8.38958, 8.3896, 8.38962, 8.38963, 8.38965, 8.38967, 8.38968, 8.3897, 8.38971, 8.38973, 8.38975, 8.38976, 8.38978, 8.3898, 8.38981, 8.38983, 8.38984, 8.38986, 8.38988, 8.38989, 8.38991, 8.38993, 8.38994, 8.38996, 8.38998, 8.38999, 8.39001, 8.39002, 8.39004, 8.39006, 8.39009, 8.39011, 8.39012, 8.39014, 8.39015, 8.39017, 8.39019, 8.3902, 8.39022, 8.39024, 8.39025, 8.39027, 8.39028, 8.3903, 8.39032, 8.39033, 8.39035, 8.39037, 8.3904, 8.39041, 8.39043, 8.39045, 8.39046, 8.39048, 8.3905, 8.39051, 8.39053, 8.39054, 8.39056, 8.39058, 8.39059, 8.39061, 8.39063, 8.39066, 8.39068, 8.39069, 8.39071, 8.39072, 8.39074, 8.39079, 8.39081, 8.39082, 8.39084, 8.39085, 8.39087, 8.39089, 8.3909, 8.39092, 8.39094, 8.39095, 8.39097, 8.39098, 8.391, 8.39102, 8.39103, 8.39105, 8.39107, 8.39108, 8.3911, 8.39112, 8.39113, 8.39115, 8.39116, 8.39118, 8.3912, 8.39121, 8.39123, 8.39124, 8.39126, 8.39128, 8.39129, 8.39131, 8.39133, 8.39134, 8.39136, 8.39138, 8.39139, 8.39141, 8.39142, 8.39144, 8.39146, 8.39147, 8.39149, 8.39151, 8.39152, 8.39154, 8.39155, 8.39157, 8.39162, 8.39164, 8.39165, 8.39167, 8.39169, 8.3917, 8.39172, 8.39173, 8.39175, 8.39177, 8.39178, 8.3918, 8.39182, 8.39183, 8.39185, 8.39186, 8.39188, 8.3919, 8.39191, 8.39193, 8.39195, 8.39198, 8.39199, 8.39201, 8.39203, 8.39204, 8.39206, 8.39208, 8.39209, 8.39211, 8.39213, 8.39214, 8.39216, 8.39217, 8.39221, 8.39222, 8.39224, 8.39225, 8.39227, 8.39229, 8.3923, 8.39232, 8.39234, 8.39235, 8.39237, 8.3924, 8.39242, 8.39243, 8.39245, 8.39248, 8.3925, 8.39252, 8.39253, 8.39255, 8.39256, 8.39258, 8.3926, 8.39261, 8.39263, 8.39265, 8.39266, 8.39268, 8.3927, 8.39271, 8.39273, 8.39274, 8.39276, 8.39278, 8.39279, 8.39281, 8.39283, 8.39284, 8.39286, 8.39287, 8.39289, 8.39291, 8.39292, 8.39294, 8.39296, 8.39297, 8.39299, 8.393, 8.39302, 8.39304, 8.39305, 8.39307, 8.39309, 8.3931, 8.39312, 8.39314, 8.39315, 8.39317, 8.39318, 8.3932, 8.39322, 8.39323, 8.39325, 8.39328, 8.3933, 8.39331, 8.39333, 8.39335, 8.39336, 8.39338, 8.39341, 8.39343, 8.39344, 8.39346, 8.39348, 8.39349, 8.39351, 8.39353, 8.39354, 8.39356, 8.39357, 8.39361, 8.39364, 8.39366, 8.39367, 8.39369, 8.3937, 8.39372, 8.39374, 8.39375, 8.39377, 8.39379, 8.3938, 8.39382, 8.39384, 8.39387, 8.39388, 8.3939, 8.39392, 8.39393, 8.39395, 8.39397, 8.39398, 8.394, 8.39402, 8.39403, 8.39405, 8.39406, 8.3941, 8.39411, 8.39413, 8.39415, 8.39418, 8.39419, 8.39421, 8.39423, 8.39424, 8.39426, 8.39428, 8.39429, 8.39431, 8.39432, 8.39434, 8.39436, 8.39437, 8.39439, 8.39441, 8.39442, 8.39444, 8.39445, 8.39447, 8.39449, 8.3945, 8.39452, 8.39454, 8.39455, 8.39457, 8.39458, 8.3946, 8.39462, 8.39463, 8.39465, 8.39467, 8.39468, 8.39472, 8.39473, 8.39476, 8.39478, 8.3948, 8.39481, 8.39485, 8.39486, 8.39488, 8.39489, 8.39491, 8.39493, 8.39494, 8.39496, 8.39498, 8.39499, 8.39502, 8.39504, 8.39506, 8.39507, 8.39509, 8.39514, 8.39515, 8.39519, 8.3952, 8.39522, 8.39524, 8.39525, 8.39527, 8.3953, 8.39532, 8.39533, 8.39535, 8.39537, 8.39538, 8.3954, 8.39542, 8.39543, 8.39545, 8.39546, 8.39548, 8.3955, 8.39551, 8.39553, 8.39555, 8.39556, 8.39558, 8.39559, 8.39561, 8.39563, 8.39564, 8.39566, 8.39568, 8.39569, 8.39571, 8.39573, 8.39574, 8.39579, 8.39581, 8.39582, 8.39584, 8.39585, 8.39587, 8.39589, 8.3959, 8.39592, 8.39594, 8.39595, 8.39599, 8.396, 8.39602, 8.39603, 8.39605, 8.39607, 8.39608, 8.3961, 8.39612, 8.39613, 8.39615, 8.39616, 8.39618, 8.3962, 8.39621, 8.39623, 8.39625, 8.39626, 8.39628, 8.3963, 8.39631, 8.39633, 8.39634, 8.39636, 8.39638, 8.39639, 8.39641, 8.39643, 8.39644, 8.39649, 8.39651, 8.39652, 8.39654, 8.39656, 8.39657, 8.39659, 8.3966, 8.39662, 8.39664, 8.39665, 8.39667, 8.39669, 8.3967, 8.39672, 8.39674, 8.39675, 8.39677, 8.73775, 8.73777, 8.73778, 8.7378, 8.73782, 8.73783, 8.73785, 8.73786, 8.7379, 8.73791, 8.73793, 8.73796, 8.73803, 8.73804, 8.73806, 8.73808, 8.73809, 8.73811, 8.73813, 8.73814, 8.73816, 8.73817, 8.73819, 8.73821, 8.73822, 8.73824, 8.73826, 8.73827, 8.73829, 8.73831, 8.73832, 8.73834, 8.73835, 8.73837, 8.73842, 8.73843, 8.73845, 8.73847, 8.73848, 8.7385, 8.73852, 8.73853, 8.73855, 8.73857, 8.73858, 8.73863, 8.73865, 8.73866, 8.73868, 8.7387, 8.73871, 8.73873, 8.73874, 8.73876, 8.73878, 8.73879, 8.73883, 8.73884, 8.73886, 8.73887, 8.73889, 8.73891, 8.73892, 8.73894, 8.73896, 8.73901, 8.73902, 8.73904, 8.73905, 8.73907, 8.73909, 8.73912, 8.73914, 8.73915, 8.73917, 8.7392, 8.73922, 8.73923, 8.73925, 8.73927, 8.73928, 8.7393, 8.73932, 8.73933, 8.73935, 8.73936, 8.7394, 8.73941, 8.73943, 8.73944, 8.73946, 8.73948, 8.73949, 8.73951, 8.73953, 8.73954, 8.73956, 8.73958, 8.73959, 8.73961, 8.73962, 8.73964, 8.73966, 8.73967, 8.73969, 8.73971, 8.73972, 8.73974, 8.73975, 8.73979, 8.7398, 8.73982, 8.73984, 8.73985, 8.73987, 8.73988, 8.7399, 8.73992, 8.73993, 8.73995, 8.73997, 8.73998, 8.74, 8.74002, 8.74003, 8.74005, 8.74006, 8.74008, 8.7401, 8.74011, 8.74013, 8.74015, 8.74016, 8.74018, 8.74019, 8.74021, 8.74023, 8.74024, 8.74026, 8.74028, 8.74029, 8.74031, 8.74032, 8.74036, 8.74037, 8.74039, 8.74041, 8.74042, 8.74044, 8.74045, 8.74047, 8.74049, 8.7405, 8.74052, 8.74054, 8.74055, 8.74057, 8.74058, 8.7406, 8.74062, 8.74063, 8.74065, 8.74067, 8.74068, 8.7407, 8.74072, 8.74073, 8.74075, 8.74076, 8.7408, 8.74081, 8.74083, 8.74085, 8.74086, 8.74088, 8.74089, 8.74091, 8.74093, 8.74094, 8.74098, 8.74099, 8.74101, 8.74102, 8.74104, 8.74106, 8.74107, 8.74109, 8.74111, 8.74112, 8.74114, 8.74115, 8.74117, 8.74119, 8.7412, 8.74124, 8.74125, 8.74127, 8.74129, 8.7413, 8.74132, 8.74133, 8.74135, 8.74137, 8.74138, 8.7414, 8.74142, 8.74143, 8.74145, 8.74146, 8.74148, 8.7415, 8.74151, 8.74155, 8.74156, 8.74158, 8.74159, 8.74161, 8.74166, 8.74168, 8.74169, 8.74171, 8.74172, 8.74174, 8.74176, 8.74177, 8.74179, 8.74181, 8.74182, 8.74184, 8.74186, 8.74187, 8.74189, 8.7419, 8.74192, 8.74194, 8.74195, 8.74197, 8.74199, 8.742, 8.74203, 8.74205, 8.74207, 8.74208, 8.7421, 8.74212, 8.74213, 8.74215, 8.74216, 8.74218, 8.7422, 8.74221, 8.74223, 8.74225, 8.74226, 8.74228, 8.7423, 8.74231, 8.74233, 8.74234, 8.74236, 8.74238, 8.74239, 8.74241, 8.74242, 8.74244, 8.74246, 8.74247, 8.74249, 8.74251, 8.74252, 8.74254, 8.74256, 8.74257, 8.74259, 8.7426, 8.74267, 8.74269, 8.7427, 8.74272, 8.74273, 8.74275, 8.74277, 8.74278, 8.7428, 8.74282, 8.74283, 8.74285, 8.74287, 8.74288, 8.7429, 8.74291, 8.74293, 8.74295, 8.74296, 8.74298, 8.74303, 8.74304, 8.74306, 8.74308, 8.74309, 8.74311, 8.74313, 8.74314, 8.74316, 8.74317, 8.74319, 8.74321, 8.74322, 8.74324, 8.74326, 8.74327, 8.74329, 8.74331, 8.74332, 8.74334, 8.74335, 8.74337, 8.74339, 8.7434, 8.74342, 8.74343, 8.74345, 8.74347, 8.74348, 8.7435, 8.74352, 8.74353, 8.74355, 8.7436, 8.74361, 8.74363, 8.74366, 8.74368, 8.7437, 8.74371, 8.74373, 8.74374, 8.74376, 8.74378, 8.74379, 8.74381, 8.74383, 8.74384, 8.74386, 8.74387, 8.74389, 8.74391, 8.74392, 8.74394, 8.74396, 8.74399, 8.74401, 8.74402, 8.74404, 8.74405, 8.74409, 8.7441, 8.74412, 8.74414, 8.74417, 8.74418, 8.7442, 8.74422, 8.74423, 8.74425, 8.74427, 8.74428, 8.7443, 8.74432, 8.74433, 8.74435, 8.74436, 8.7444, 8.74444, 8.74446, 8.74448, 8.74449, 8.74451, 8.74453, 8.74454, 8.74458, 8.74464, 8.74466, 8.74467, 8.74469, 8.74474, 8.74475, 8.74477, 8.74479, 8.7448, 8.74482, 8.74484, 8.74485, 8.74487, 8.74488, 8.7449, 8.74492, 8.74495, 8.74497, 8.745, 8.74502, 8.74503, 8.74505, 8.7451, 8.74511, 8.74515, 8.74516, 8.74518, 8.74519, 8.74521, 8.74523, 8.74524, 8.74526, 8.74528, 8.74529, 8.74531, 8.74533, 8.74534, 8.74536, 8.74537, 8.74539, 8.74541, 8.74544, 8.74545, 8.74547, 8.74549, 8.7455, 8.74552, 8.74554, 8.74555, 8.74557, 8.74559, 8.7456, 8.74562, 8.74563, 8.74565, 8.74567, 8.74568, 8.7457, 8.74572, 8.74573, 8.74575, 8.74576, 8.74578, 8.7458, 8.74583, 8.74585, 8.74586, 8.74588, 8.74589, 8.74593, 8.74594, 8.74598, 8.74599, 8.74604, 8.74606, 8.74607, 8.74609, 8.74611, 8.74612, 8.74614, 8.74616, 8.74617, 8.74619, 8.7462, 8.74622, 8.74624, 8.74625, 8.74627, 8.74629, 8.7463, 8.74632, 8.74634, 8.74635, 8.74637, 8.78114, 8.78116, 8.78117, 8.78119, 8.78121, 8.78122, 8.78126, 8.78127, 8.78129, 8.7813, 8.78132, 8.78134, 8.78135, 8.78137, 8.78139, 8.78142, 8.78143, 8.78147, 8.78148, 8.7815, 8.78152, 8.78153, 8.78155, 8.78156, 8.78158, 8.78161, 8.78163, 8.78165, 8.78166, 8.78168, 8.7817, 8.78171, 8.78173, 8.78174, 8.78176, 8.78178, 8.78179, 8.78181, 8.78184, 8.78186, 8.78187, 8.78189, 8.78191, 8.78192, 8.78194, 8.78196, 8.78197, 8.78199, 8.782, 8.78202, 8.78204, 8.78205, 8.78207, 8.78209, 8.7821, 8.78212, 8.78214, 8.78215, 8.78217, 8.78218, 8.7822, 8.78222, 8.78223, 8.78225, 8.78226, 8.78228, 8.78233, 8.78235, 8.78236, 8.78238, 8.7824, 8.78241, 8.78243, 8.78244, 8.78246, 8.78248, 8.78249, 8.78251, 8.78253, 8.78254, 8.78256, 8.78257, 8.78261, 8.78262, 8.78264, 8.78266, 8.78267, 8.78269, 8.7827, 8.78272, 8.78274, 8.78275, 8.78277, 8.78279, 8.7828, 8.78282, 8.78283, 8.78285, 8.78287, 8.78288, 8.7829, 8.78292, 8.78293, 8.78295, 8.78296, 8.78298, 8.783, 8.78301, 8.78303, 8.78305, 8.78306, 8.78308, 8.78309, 8.78311, 8.78313, 8.78316, 8.78318, 8.78319, 8.78321, 8.78323, 8.78324, 8.78327, 8.78329, 8.78331, 8.78332, 8.78334, 8.78336, 8.78337, 8.78339, 8.78341, 8.78342, 8.78344, 8.78349, 8.78352, 8.78354, 8.78355, 8.78357, 8.78358, 8.7836, 8.78362, 8.78363, 8.78365, 8.78368, 8.7837, 8.78372, 8.78373, 8.78375, 8.78381, 8.78383, 8.78384, 8.78386, 8.78388, 8.78389, 8.78391, 8.78393, 8.78394, 8.78396, 8.78398, 8.78399, 8.78401, 8.78402, 8.78404, 8.78406, 8.78407, 8.78409, 8.78411, 8.78412, 8.78415, 8.78417, 8.78419, 8.7842, 8.78422, 8.78424, 8.78425, 8.78427, 8.78428, 8.7843, 8.78432, 8.78433, 8.78435, 8.78437, 8.78438, 8.7844, 8.78442, 8.78443, 8.78445, 8.78446, 8.78448, 8.7845, 8.78451, 8.78453, 8.78455, 8.78456, 8.78461, 8.78464, 8.78466, 8.78468, 8.78471, 8.78473, 8.78474, 8.78476, 8.78477, 8.78479, 8.78481, 8.78482, 8.78484, 8.78487, 8.78494, 8.78495, 8.78497, 8.78499, 8.785, 8.78504, 8.78505, 8.78507, 8.78508, 8.7851, 8.78512, 8.78513, 8.78515, 8.78517, 8.78518, 8.78521, 8.78523, 8.78526, 8.78528, 8.7853, 8.78536, 8.78538, 8.78539, 8.78541, 8.78543, 8.78544, 8.78549, 8.78551, 8.78552, 8.78554, 8.78557, 8.78559, 8.78564, 8.78565, 8.78567, 8.78569, 8.7857, 8.78572, 8.78574, 8.78575, 8.78577, 8.78578, 8.7858, 8.78582, 8.78583, 8.78585, 8.78587, 8.78588, 8.7859, 8.78591, 8.78593, 8.78595, 8.78596, 8.786, 8.78601, 8.78603, 8.78605, 8.78606, 8.78608, 8.78609, 8.78611, 8.78613, 8.78616, 8.78618, 8.78619, 8.78621, 8.78622, 8.78624, 8.78626, 8.78627, 8.78629, 8.78631, 8.78632, 8.78634, 8.78635, 8.78637, 8.78639, 8.7864, 8.78642, 8.78644, 8.78645, 8.78647, 8.78648, 8.7865, 8.78652, 8.78653, 8.78655, 8.78657, 8.78658, 8.7866, 8.78661, 8.78663, 8.78665, 8.78666, 8.78668, 8.7867, 8.78671, 8.78673, 8.78674, 8.78676, 8.78678, 8.78679, 8.78681, 8.78686, 8.78687, 8.78689, 8.78691, 8.78692, 8.78694, 8.78696, 8.78697, 8.78699, 8.787, 8.78702, 8.78704, 8.78706, 8.78707, 8.78709, 8.7871, 8.78712, 8.78714, 8.78715, 8.78717, 8.78718, 8.7872, 8.78722, 8.78723, 8.78725, 8.78727, 8.78728, 8.7873, 8.78732, 8.78733, 8.78735, 8.78736, 8.78738, 8.7874, 8.78741, 8.78743, 8.78745, 8.78746, 8.78748, 8.78749, 8.78751, 8.78756, 8.78758, 8.78759, 8.78761, 8.78762, 8.78764, 8.78766, 8.78767, 8.78769, 8.78771, 8.78772, 8.78774, 8.78776, 8.78777, 8.78779, 8.7878, 8.78782, 8.78784, 8.78785, 8.78787, 8.78789, 8.7879, 8.78792, 8.78793, 8.78795, 8.78798, 8.788, 8.78802, 8.78803, 8.78805, 8.78806, 8.78808, 8.7881, 8.78811, 8.78813, 8.78815, 8.78816, 8.78818, 8.78819, 8.78821, 8.78823, 8.78824, 8.78826, 8.78828, 8.78829, 8.78831, 8.78833, 8.78834, 8.78836, 8.78837, 8.78839, 8.78841, 8.78842, 8.78844, 8.78846, 8.78847, 8.78849, 8.7885, 8.78852, 8.78854, 8.78855, 8.78857, 8.78859, 8.7886, 8.78862, 8.78863, 8.78865, 8.78867, 8.78868, 8.7887, 8.78872, 8.78873, 8.78875, 8.78876, 8.78878, 8.7888, 8.78881, 8.78883, 8.78885, 8.78886, 8.78888, 8.7889, 8.78891, 8.78893, 8.78894, 8.78898, 8.78899, 8.78901, 8.78903, 8.78904, 8.78906, 8.78907, 8.78909, 8.78911, 8.78912, 8.78914, 8.78916, 8.78917, 8.78919, 8.7892, 8.78922, 8.78924, 8.78925, 8.78927, 8.78929, 8.7893, 8.78932, 8.78933, 8.78935, 8.78937, 8.78938, 8.7894, 8.78942, 8.78943, 8.78945, 8.78946, 8.78948, 8.7895, 8.78951, 8.78953, 8.78955, 8.78956, 8.78958, 8.7896, 8.78961, 8.78963, 8.78964, 8.78966, 8.78968, 8.78969, 8.78971, 8.78973, 8.78974, 8.78976, 11.31316, 11.31318, 11.31321, 11.31323, 11.31324, 11.31326, 11.31327, 11.31329, 11.31331, 11.31332, 11.31334, 11.31336, 11.31337, 11.31339, 11.3134, 11.31342, 11.31344, 11.31345, 11.31347, 11.31349, 11.3135, 11.31352, 11.31354, 11.31355, 11.31357, 11.31358, 11.3136, 11.31362, 11.31363, 11.31365, 11.31367, 11.31368, 11.3137, 11.31371, 11.31373, 11.31375, 11.31376, 11.31378, 11.3138, 11.31381, 11.31383, 11.31384, 11.31386, 11.31388, 11.31389, 11.31391, 11.31393, 11.31394, 11.31396, 11.31397, 11.31399, 11.31401, 11.31402, 11.31404, 11.31406, 11.31407, 11.31409, 11.31411, 11.31412, 11.31414, 11.31415, 11.31419, 11.3142, 11.31422, 11.31423, 11.31425, 11.31427, 11.31428, 11.3143, 11.31432, 11.31433, 11.31435, 11.31437, 11.31438, 11.3144, 11.31441, 11.31443, 11.31445, 11.31446, 11.31448, 11.3145, 11.31451, 11.31453, 11.31455, 11.31456, 11.31458, 11.31459, 11.31461, 11.31463, 11.31464, 11.31466, 11.31468, 11.31469, 11.31471, 11.31472, 11.31474, 11.31476, 11.31477, 11.31479, 11.31481, 11.31482, 11.31484, 11.31485, 11.31487, 11.31489, 11.3149, 11.31492, 11.31494, 11.31495, 11.31497, 11.31499, 11.315, 11.31502, 11.31503, 11.31507, 11.31508, 11.3151, 11.31511, 11.31513, 11.31515, 11.31516, 11.31518, 11.3152, 11.31521, 11.31523, 11.31524, 11.31526, 11.31528, 11.31529, 11.31531, 11.31533, 11.31534, 11.31536, 11.31538, 11.31539, 11.31541, 11.31542, 11.31546, 11.31547, 11.31549, 11.31552, 11.31554, 11.31555, 11.31559, 11.3156, 11.31562, 11.31564, 11.31565, 11.31567, 11.31569, 11.3157, 11.31572, 11.31573, 11.31575, 11.31577, 11.31578, 11.3158, 11.31582, 11.31583, 11.31585, 11.31586, 11.31588, 11.3159, 11.31591, 11.31593, 11.31595, 11.31596, 11.31598, 11.316, 11.31601, 11.31603, 11.31604, 11.31606, 11.31608, 11.31611, 11.31612, 11.31614, 11.31616, 11.31617, 11.31619, 11.31624, 11.31625, 11.31629, 11.3163, 11.31632, 11.31634, 11.31635, 11.31637, 11.31639, 11.3164, 11.31642, 11.31643, 11.31645, 11.31647, 11.31648, 11.3165, 11.31652, 11.31653, 11.31655, 11.31656, 11.3166, 11.31661, 11.31663, 11.31666, 11.31669, 11.31673, 11.31674, 11.31676, 11.31678, 11.31679, 11.31681, 11.31683, 11.31684, 11.31686, 11.31687, 11.31689, 11.31691, 11.31692, 11.31696, 11.31697, 11.31699, 11.31701, 11.31702, 11.31704, 11.31705, 11.31707, 11.31709, 11.3171, 11.31712, 11.31713, 11.31715, 11.31717, 11.31718, 11.3172, 11.31722, 11.31723, 11.31725, 11.31728, 11.3173, 11.31731, 11.31733, 11.31735, 11.31736, 11.31738, 11.3174, 11.31741, 11.31744, 11.31746, 11.31748, 11.31749, 11.31751, 11.31752, 11.31754, 11.31756, 11.31757, 11.31759, 11.31761, 11.31762, 11.31764, 11.31766, 11.31769, 11.3177, 11.31772, 11.31774, 11.31775, 11.31779, 11.3178, 11.31782, 11.31784, 11.31785, 11.31787, 11.31788, 11.3179, 11.31792, 11.31793, 11.31795, 11.31797, 11.31798, 11.31801, 11.31803, 11.31805, 11.31806, 11.31808, 11.3181, 11.31811, 11.31813, 11.31814, 11.31816, 11.31818, 11.31819, 11.31821, 11.31823, 11.31824, 11.31826, 11.31827, 11.31829, 11.31831, 11.31832, 11.31834, 11.31836, 11.31837, 11.31839, 11.31841, 11.31842, 11.31844, 11.31845, 11.31847, 11.31849, 11.3185, 11.31852, 11.31853, 11.31857, 11.31858, 11.3186, 11.31862, 11.31863, 11.31865, 11.31867, 11.31868, 11.3187, 11.31871, 11.31873, 11.31875, 11.31876, 11.31878, 11.3188, 11.31881, 11.31883, 11.31884, 11.31886, 11.31888, 11.31889, 11.31891, 11.31896, 11.31898, 11.31899, 11.31901, 11.31902, 11.31906, 11.31907, 11.31909, 11.31911, 11.31912, 11.31914, 11.31915, 11.31919, 11.3192, 11.31922, 11.31924, 11.31925, 11.31927, 11.31928, 11.3193, 11.31932, 11.31933, 11.31935, 11.31937, 11.31938, 11.3194, 11.31942, 11.31943, 11.31945, 11.31946, 11.31948, 11.3195, 11.31951, 11.31953, 11.31954, 11.31956, 11.31958, 11.31959, 11.31961, 11.31963, 11.31964, 11.31966, 11.31967, 11.31969, 11.31971, 11.31972, 11.31974, 11.31976, 11.31977, 11.31981, 11.31982, 11.31985, 11.31987, 11.31989, 11.3199, 11.31992, 11.31994, 11.31995, 11.31997, 11.31998, 11.32002, 11.32005, 11.32007, 11.32008, 11.3201, 11.32012, 11.32013, 11.32015, 11.32016, 11.32018, 11.3202, 11.32021, 11.32023, 11.32025, 11.32028, 11.32029, 11.32031, 11.32033, 11.32034, 11.32036, 11.32038, 11.32039, 11.32041, 11.32043, 11.32044, 11.32046, 11.32047, 11.32049, 11.32051, 11.32052, 11.32054, 11.32055, 11.32057, 11.32059, 11.3206, 11.32062, 11.32064, 11.32065, 11.32067, 11.32069, 11.3207, 11.32072, 11.32073, 11.32075, 11.3208, 11.32082, 11.32083, 11.32085, 11.32086, 11.32088, 11.3209, 11.32091, 11.32093, 11.32095, 11.32096, 11.32098, 11.32099, 11.32101, 11.32103, 11.32104, 11.32106, 11.32108, 11.32109, 11.32111, 11.32113, 11.32114, 11.32116, 11.32117, 11.32119, 11.32121, 11.32122, 11.32124, 11.32126, 11.32127, 11.32129, 11.3213, 11.32132, 11.32134, 11.32135, 11.32137, 11.32139, 11.3214, 11.32142, 11.32143, 11.32145, 11.32147, 11.32148, 11.3215, 11.32152, 11.32153, 11.32155, 11.32156, 11.32158, 11.3216, 11.32161, 11.32165, 11.32166, 11.32168, 11.3217, 11.32171, 11.32173, 11.32174, 11.32176, 11.30534, 11.30536, 11.30538, 11.30539, 11.30541, 11.30544, 11.30546, 11.30547, 11.30549, 11.3055, 11.30552, 11.30554, 11.30555, 11.30557, 11.30559, 11.3056, 11.30562, 11.30564, 11.30565, 11.30567, 11.30568, 11.30572, 11.30573, 11.30575, 11.30577, 11.30578, 11.3058, 11.30581, 11.30583, 11.30585, 11.30586, 11.30588, 11.3059, 11.30591, 11.30593, 11.30595, 11.30596, 11.30598, 11.30599, 11.30601, 11.30603, 11.30604, 11.30606, 11.30608, 11.30609, 11.30612, 11.30614, 11.30616, 11.30617, 11.30619, 11.30621, 11.30622, 11.30624, 11.30625, 11.30627, 11.30629, 11.3063, 11.30632, 11.30634, 11.30635, 11.30637, 11.30639, 11.3064, 11.30642, 11.30643, 11.30645, 11.30647, 11.30648, 11.3065, 11.30651, 11.30653, 11.30655, 11.30656, 11.30658, 11.3066, 11.30661, 11.30663, 11.30665, 11.30666, 11.30669, 11.30671, 11.30673, 11.30674, 11.30676, 11.30678, 11.30679, 11.30681, 11.30682, 11.30684, 11.30686, 11.30687, 11.30689, 11.30691, 11.30692, 11.30694, 11.30696, 11.30697, 11.30702, 11.30704, 11.30705, 11.30707, 11.30709, 11.3071, 11.30712, 11.30713, 11.30717, 11.30718, 11.30722, 11.30723, 11.30725, 11.30726, 11.30728, 11.3073, 11.30731, 11.30733, 11.30735, 11.30736, 11.30738, 11.30739, 11.30744, 11.30746, 11.30748, 11.30749, 11.30751, 11.30752, 11.30754, 11.30757, 11.30759, 11.30761, 11.30762, 11.30764, 11.30766, 11.30767, 11.30769, 11.3077, 11.30772, 11.30774, 11.30775, 11.30777, 11.30779, 11.3078, 11.30782, 11.30783, 11.30785, 11.30787, 11.30788, 11.3079, 11.30792, 11.30793, 11.30795, 11.30803, 11.30805, 11.30806, 11.30808, 11.3081, 11.30813, 11.30814, 11.30816, 11.30818, 11.30819, 11.30821, 11.30823, 11.30824, 11.30826, 11.30827, 11.30829, 11.30831, 11.30832, 11.30834, 11.30836, 11.30837, 11.30839, 11.3084, 11.30842, 11.30844, 11.30845, 11.30849, 11.3085, 11.30852, 11.30853, 11.30855, 11.30857, 11.30858, 11.3086, 11.30862, 11.30865, 11.30867, 11.30868, 11.3087, 11.30871, 11.30873, 11.30875, 11.30876, 11.30878, 11.30879, 11.30881, 11.30883, 11.30884, 11.30886, 11.30888, 11.30889, 11.30891, 11.30893, 11.30894, 11.30896, 11.30897, 11.30899, 11.30901, 11.30902, 11.30904, 11.30906, 11.30907, 11.30909, 11.30911, 11.30912, 11.30914, 11.30917, 11.30919, 11.3092, 11.30922, 11.30924, 11.30927, 11.30928, 11.3093, 11.30932, 11.30933, 11.30935, 11.30937, 11.30938, 11.3094, 11.30941, 11.30943, 11.30945, 11.30946, 11.30948, 11.3095, 11.30951, 11.30953, 11.30954, 11.30958, 11.30959, 11.30961, 11.30963, 11.30964, 11.30966, 11.30968, 11.30969, 11.30971, 11.30972, 11.30974, 11.30976, 11.30977, 11.30979, 11.3098, 11.30982, 11.30984, 11.30985, 11.30992, 11.30993, 11.30995, 11.30997, 11.30998, 11.31, 11.31002, 11.31003, 11.31005, 11.31007, 11.31008, 11.31011, 11.31013, 11.31015, 11.31016, 11.31021, 11.31023, 11.31025, 11.31026, 11.31028, 11.31029, 11.31031, 11.31033, 11.31034, 11.31036, 11.31038, 11.31039, 11.31041, 11.31042, 11.31044, 11.31046, 11.31047, 11.31049, 11.31051, 11.31052, 11.31054, 11.31055, 11.31059, 11.3106, 11.31064, 11.31065, 11.31067, 11.31069, 11.3107, 11.31072, 11.31073, 11.31075, 11.31077, 11.31078, 11.3108, 11.31081, 11.31083, 11.31085, 11.31086, 11.31088, 11.3109, 11.31091, 11.31093, 11.31094, 11.31096, 11.31098, 11.31099, 11.31101, 11.31103, 11.31104, 11.31106, 11.31109, 11.31111, 11.31112, 11.31114, 11.31116, 11.31117, 11.31119, 11.31124, 11.31125, 11.31127, 11.3113, 11.31132, 11.31134, 11.31135, 11.31137, 11.31139, 11.3114, 11.31142, 11.31145, 11.31147, 11.31148, 11.3115, 11.31152, 11.31153, 11.31158, 11.3116, 11.31161, 11.31163, 11.31165, 11.31166, 11.31168, 11.3117, 11.31171, 11.31173, 11.31174, 11.31176, 11.31181, 11.31182, 11.31186, 11.31187, 11.31189, 11.31191, 11.31192, 11.31197, 11.31199, 11.312, 11.31202, 11.31204, 11.31205, 11.31207, 11.31209, 11.3121, 11.31212, 11.31213, 11.31215, 11.31217, 11.31218, 11.31222, 11.31223, 11.31225, 11.31226, 11.31228, 11.3123, 11.31231, 11.31233, 11.31236, 11.31238, 11.3124, 11.31241, 11.31243, 11.31244, 11.31246, 11.31248, 11.31249, 11.31251, 11.31253, 11.31254, 11.31256, 11.31257, 11.31259, 11.31261, 11.31262, 11.31264, 11.31266, 11.31267, 11.31269, 11.31271, 11.31272, 11.31274, 11.31275, 11.31277, 11.31279, 11.3128, 11.31282, 11.31283, 11.31287, 11.31288, 11.3129, 11.31292, 11.31293, 11.31295, 11.31296, 11.31298, 11.313, 11.31301, 11.31303, 11.31305, 11.31306, 11.31308, 11.3131, 11.31311, 11.31313, 11.31316, 11.31318, 11.31321, 11.31323, 11.31324, 11.31326, 11.31327, 11.31329, 11.31331, 11.31332, 11.31334, 11.31336, 11.31337, 11.31339, 11.3134, 11.31342, 11.31344, 11.31345, 11.31347, 11.31349, 11.3135, 11.31352, 11.31354, 11.31355, 11.31357, 11.31358, 11.3136, 11.31362, 11.31363, 11.31365, 11.31367, 11.31368, 11.3137, 11.31371, 11.31373, 11.31375, 11.31376, 11.31378, 11.3138, 11.31381, 11.31383, 11.31384, 11.31386, 11.31388, 11.31389, 11.31391, 11.31393, 11.31394, 11.31396, 11.29752, 11.29754, 11.29756, 11.29757, 11.29759, 11.29761, 11.29762, 11.29767, 11.29769, 11.2977, 11.29772, 11.29774, 11.29775, 11.29777, 11.29778, 11.2978, 11.29782, 11.29783, 11.29785, 11.29787, 11.29788, 11.2979, 11.29792, 11.29793, 11.29795, 11.29796, 11.29798, 11.298, 11.29801, 11.29803, 11.29805, 11.29806, 11.29811, 11.29813, 11.29814, 11.29816, 11.29818, 11.29819, 11.29821, 11.29824, 11.29826, 11.29827, 11.29829, 11.29831, 11.29832, 11.29834, 11.29836, 11.29837, 11.29839, 11.2984, 11.29842, 11.29844, 11.29845, 11.29847, 11.29849, 11.2985, 11.29852, 11.29853, 11.29857, 11.2986, 11.29862, 11.29863, 11.29865, 11.29867, 11.29868, 11.2987, 11.29871, 11.29873, 11.29875, 11.29876, 11.29878, 11.29879, 11.29881, 11.29883, 11.29884, 11.29886, 11.29888, 11.29889, 11.29891, 11.29893, 11.29894, 11.29896, 11.29897, 11.29899, 11.29901, 11.29902, 11.29904, 11.29906, 11.29907, 11.29909, 11.2991, 11.29912, 11.29914, 11.29915, 11.29919, 11.29922, 11.29923, 11.29925, 11.29927, 11.29928, 11.2993, 11.29932, 11.29933, 11.29935, 11.29937, 11.29938, 11.2994, 11.29941, 11.29943, 11.29945, 11.29946, 11.29948, 11.2995, 11.29951, 11.29953, 11.29954, 11.29956, 11.29958, 11.29959, 11.29961, 11.29963, 11.29964, 11.29966, 11.29967, 11.29969, 11.29971, 11.29972, 11.29974, 11.29976, 11.29979, 11.2998, 11.29982, 11.29984, 11.29985, 11.29989, 11.2999, 11.29992, 11.29994, 11.29995, 11.29997, 11.29998, 11.3, 11.30002, 11.30003, 11.30005, 11.30007, 11.30008, 11.3001, 11.30011, 11.30013, 11.30015, 11.30016, 11.3002, 11.30021, 11.30023, 11.30024, 11.30026, 11.30028, 11.30029, 11.30033, 11.30034, 11.30036, 11.30037, 11.30039, 11.30044, 11.30046, 11.30047, 11.30049, 11.30051, 11.30052, 11.30054, 11.30057, 11.30062, 11.30068, 11.30072, 11.30073, 11.30077, 11.30078, 11.3008, 11.30081, 11.30083, 11.30085, 11.30086, 11.3009, 11.30091, 11.30095, 11.30096, 11.30099, 11.30101, 11.30103, 11.30104, 11.30106, 11.30107, 11.30109, 11.30111, 11.30112, 11.30114, 11.30116, 11.30117, 11.3012, 11.30124, 11.30125, 11.30127, 11.30129, 11.3013, 11.30137, 11.30138, 11.3014, 11.30142, 11.30143, 11.30145, 11.30147, 11.3015, 11.30152, 11.30153, 11.30155, 11.30156, 11.30158, 11.3016, 11.30161, 11.30163, 11.30165, 11.30166, 11.30168, 11.30169, 11.30171, 11.30173, 11.30174, 11.30176, 11.30181, 11.30182, 11.30184, 11.30187, 11.30189, 11.30191, 11.30192, 11.30194, 11.30199, 11.302, 11.30202, 11.30204, 11.30205, 11.30207, 11.30208, 11.3021, 11.30212, 11.30213, 11.30215, 11.30217, 11.30218, 11.3022, 11.30221, 11.30223, 11.30225, 11.30226, 11.30228, 11.3023, 11.30231, 11.30233, 11.30235, 11.30236, 11.30241, 11.30243, 11.30244, 11.30246, 11.30248, 11.30249, 11.30251, 11.30252, 11.30254, 11.30256, 11.30257, 11.30259, 11.30261, 11.30262, 11.30264, 11.30266, 11.30267, 11.30269, 11.3027, 11.30272, 11.30274, 11.30275, 11.30277, 11.30279, 11.3028, 11.30282, 11.30283, 11.30285, 11.3029, 11.30292, 11.30293, 11.30295, 11.30297, 11.30298, 11.303, 11.30301, 11.30303, 11.30305, 11.30306, 11.30311, 11.30313, 11.30314, 11.30316, 11.30318, 11.30319, 11.30321, 11.30322, 11.30324, 11.30326, 11.30327, 11.30329, 11.30331, 11.30332, 11.30334, 11.30336, 11.30337, 11.30339, 11.3034, 11.30342, 11.30344, 11.30345, 11.30347, 11.30349, 11.3035, 11.30352, 11.30353, 11.30355, 11.30357, 11.30358, 11.3036, 11.30362, 11.30363, 11.30365, 11.30367, 11.30368, 11.3037, 11.30371, 11.30373, 11.30376, 11.30378, 11.3038, 11.30381, 11.30383, 11.30384, 11.30386, 11.30388, 11.30389, 11.30391, 11.30393, 11.30394, 11.30396, 11.30398, 11.30399, 11.30401, 11.30402, 11.30404, 11.30406, 11.30407, 11.30409, 11.3041, 11.30412, 11.30414, 11.30415, 11.30417, 11.30419, 11.3042, 11.30422, 11.30423, 11.30427, 11.30428, 11.3043, 11.30432, 11.30433, 11.30435, 11.30437, 11.30438, 11.3044, 11.30441, 11.30443, 11.30445, 11.30446, 11.30448, 11.30451, 11.30456, 11.30458, 11.30459, 11.30461, 11.30463, 11.30464, 11.30466, 11.30467, 11.30469, 11.30472, 11.30474, 11.30476, 11.30477, 11.30479, 11.30481, 11.30482, 11.30484, 11.30485, 11.30487, 11.30489, 11.3049, 11.30492, 11.30494, 11.30495, 11.30497, 11.30499, 11.305, 11.30502, 11.30503, 11.30505, 11.30507, 11.30508, 11.3051, 11.30511, 11.30513, 11.30516, 11.30518, 11.3052, 11.30521, 11.30523, 11.30524, 11.30526, 11.30528, 11.30529, 11.30531, 11.30533, 11.30534, 11.30536, 11.30538, 11.30539, 11.30541, 11.30544, 11.30546, 11.30547, 11.30549, 11.3055, 11.30552, 11.30554, 11.30555, 11.30557, 11.30559, 11.3056, 11.30562, 11.30564, 11.30565, 11.30567, 11.30568, 11.30572, 11.30573, 11.30575, 11.30577, 11.30578, 11.3058, 11.30581, 11.30583, 11.30585, 11.30586, 11.30588, 11.3059, 11.30591, 11.30593, 11.30595, 11.30596, 11.30598, 11.30599, 11.30601, 11.30603, 11.30604, 11.30606, 11.30608, 11.30609, 11.30612, 11.30614]"
Benzaldehyde,106501,CDMS,"[8.38838, 11.30059, 11.30375]"
Peroxynitrous acid,063009,JPL,"[8.38864, 8.74357, 8.74358, 8.74365, 8.74459, 8.74461, 8.74462, 8.74493, 8.74591, 8.74596]"
Sulfuric acid,098001,JPL,"[8.38931, 8.74506, 8.7846, 11.31319, 11.29808, 11.29809, 11.30471]"
Propargyl Alcohol,057003,JPL,"[8.38934, 8.39159, 8.3916, 8.74508, 8.78598, 11.31658, 11.30542, 11.30375]"
<i>n</i>-Propanol,060505,CDMS,[8.39007]
Hydrogen sulfide,035001,JPL,[8.39038]
Anisole,108501,CDMS,"[8.39064, 8.74034, 11.31743]"
Dihydroxyacetone,090002,JPL,"[8.39076, 8.39077, 8.39196, 8.39327, 8.73977, 8.74456, 8.78896, 11.31417, 11.31855, 11.30915, 11.30987, 11.30196, 11.30197, 11.30309]"
Chlorine dioxide,067001,JPL,[8.39077]
Ethylene Glycol,062503,CDMS,"[8.39219, 8.74122, 11.30611, 11.30863, 11.29977, 11.30454]"
Hydroxyl radical,019006,JPL,"[8.39239, 8.39359, 8.39475, 8.74397, 8.74542, 8.74581, 8.74603, 8.78556, 11.31627, 11.31777, 11.32178]"
&alpha;-Alanine,089503,CDMS,"[8.39247, 8.78376, 11.31544, 11.31668, 11.31694, 11.31285, 11.29766, 11.29855]"
Mercapto radical,033508,CDMS,"[8.3934, 8.39385]"
Nitric oxide,031009,JPL,[8.39362]
Hydroxyacetone,074003,JPL,"[8.39408, 8.39483, 8.73788, 8.74438]"
Octacarbon monoxide,112002,JPL,[8.39416]
Aminoethanol,061004,JPL,"[8.3947, 8.73801, 8.73918, 8.743, 8.74301, 8.74441, 8.74443, 8.74601, 8.78326, 8.78367, 8.78561, 8.78562, 8.78683, 8.78684, 11.31609, 11.32163, 11.2992, 11.3007, 11.30075, 11.30238, 11.30239]"
"Ethanethiol, gauche",062523,CDMS,[8.39483]
Glycolaldehyde,060006,JPL,"[8.39501, 8.73839, 8.78145, 11.31726]"
"1,3-propanediol, gGG'g",076519,CDMS,"[8.39511, 8.39512, 11.31665, 11.31671, 11.32163, 11.30308, 11.30309]"
Ethyl cyanide,058516,CDMS,"[8.39517, 8.738, 8.73801, 8.73897, 8.78614, 11.3072, 11.30915, 11.31121, 11.31122, 11.30041]"
"1,2-propanediol, aG'g",076513,CDMS,[8.39529]
"Methyl formate, v<sub>t</sub> = 0, 1",061515,CDMS,"[8.39576, 8.7384, 8.74262, 8.74264, 8.74265, 8.78486, 11.31767, 11.30699, 11.307, 11.30863, 11.31314, 11.30449]"
Ethylene sulfide,060509,CDMS,[8.39577]
Ammonia,018501,CDMS,"[8.39597, 11.30801]"
Butyronitrile,069002,JPL,"[8.39646, 8.39647, 8.73881, 11.31057]"
"n-Butyronitrile, gauche/anti combined",069505,CDMS,"[8.39647, 11.31057]"
Dimethyl ether,046514,CDMS,"[8.73795, 8.7391, 8.74096, 8.78183, 8.78502]"
(Z)-Cyanovinylacetylene,077508,CDMS,[8.73798]
Formic Acid,047003,JPL,"[8.73839, 8.7384]"
Malononitrile,066506,CDMS,"[8.7386, 8.73861]"
Acetaldehyde,044003,JPL,"[8.73899, 11.31917]"
Methanol,033004,JPL,"[8.73938, 11.30847]"
"1,2-propanediol, gG'a",076515,CDMS,[8.74078]
Phenol,094501,CDMS,"[8.74153, 11.31544, 11.30611, 11.30925, 11.30088]"
Decapentaynyl,121501,CDMS,"[8.74163, 8.74164]"
"3-Silanetetrayl-1,2-Propadienylidene",064501,CDMS,[8.74202]
Formaldehyde,032004,JPL,[8.74407]
Propane,044013,JPL,"[8.74415, 8.7816, 11.31621, 11.31622, 11.31979, 11.31984, 11.32, 11.32003, 11.32026, 11.31062]"
Cyanopropynyl,064509,CDMS,"[8.74456, 8.78414]"
Glycine,075003,JPL,"[8.74471, 8.74472, 8.74498, 8.74513, 8.78378, 8.7838, 8.78458, 11.31178, 11.31179, 11.31184, 11.31194, 11.31195]"
"1,2-propanediol, g'G'g",076516,CDMS,"[8.78124, 8.7814]"
Thiohydroxymethylidyne,045508,CDMS,"[8.7823, 8.78231, 8.78314]"
Chlorine nitrate,097002,JPL,"[8.78259, 8.78347, 8.7835]"
Amidogen,016501,CDMS,[8.78345]
Molecular oxygen,033002,JPL,[8.78463]
Thiozone,096002,JPL,[8.78469]
2-Butyneisonitrile,065505,CDMS,"[8.78489, 8.7849, 8.78492, 8.7852, 8.78525, 8.78531, 8.78533, 8.78534, 8.78546, 8.78547, 8.78556]"
Cyanoallene,065506,CDMS,"[8.78753, 8.78754, 11.30989, 11.3099]"
Vinyl Cyanide,054001,JPL,"[8.78797, 11.30425]"
Methyl chloride,084001,JPL,"[11.31505, 11.31557, 11.318, 11.31893, 11.31894, 11.32077, 11.32078, 11.3057, 11.30668, 11.30756, 11.30796, 11.30798, 11.308, 11.3101, 11.31018, 11.3102, 11.31108, 11.31129, 11.31143, 11.3122, 11.31235, 11.29764, 11.30178, 11.30179, 11.30287, 11.30288, 11.30453, 11.30454]"
"2,4,6-Heptatriynenitrile",099503,CDMS,"[11.31544, 11.31551, 11.30132]"
Glycerol,092503,CDMS,"[11.31904, 11.30743]"
Cyanobutadiynylmethylene,087501,CDMS,"[11.30715, 11.30741, 11.30956, 11.29823, 11.29858, 11.29917, 11.29987, 11.30055, 11.30093, 11.30148, 11.30515]"
Formyl fluoride,048012,JPL,"[11.30811, 11.30471]"
Propadienonethione,084502,CDMS,[11.31129]
Glyceraldehyde,090501,CDMS,"[11.31155, 11.31156, 11.30067]"
Methyltetraacetylene,112501,CDMS,"[11.29987, 11.30031, 11.30098, 11.30119, 11.30132, 11.30135]"
Diethyl ether,074503,CDMS,[11.30018]
gauche-Ethanol,046004,JPL,"[11.30041, 11.30042]"
Water,018005,JPL,"[11.30059, 11.3006]"
Methyl Formate,060003,JPL,"[11.30064, 11.30065]"
Methylidyne,013002,JPL,"[11.30122, 11.30134, 11.30135]"
Nitric sulfide,048009,JPL,[11.30135]
Formamide,046522,CDMS,[11.30186]
